{"cameraMode":{"drawMode":0,"name":"Shaded","section":"Shading Mode"},"sceneLighting":true,"audioPlay":false,"sceneViewState":{"m_AlwaysRefresh":false,"showFog":true,"showSkybox":true,"showFlares":true,"showImageEffects":true,"showParticleSystems":true,"showVisualEffectGraphs":true,"m_FxEnabled":true},"in2DMode":false,"pivot":{"x":-3.902765989303589,"y":5.502584457397461,"z":-1.424077033996582},"rotation":{"x":0.12236972153186798,"y":-0.018721863627433778,"z":-0.002729784930124879,"w":-0.9924225211143494},"size":0.8660253882408142,"orthographic":false}