{"cameraMode":{"drawMode":0,"name":"Shaded","section":"Shading Mode"},"sceneLighting":true,"audioPlay":false,"sceneViewState":{"m_AlwaysRefresh":false,"showFog":true,"showSkybox":true,"showFlares":true,"showImageEffects":true,"showParticleSystems":true,"showVisualEffectGraphs":true,"m_FxEnabled":true},"in2DMode":false,"pivot":{"x":-1.3431719541549683,"y":1.6227712631225587,"z":-2.126436471939087},"rotation":{"x":0.2951926290988922,"y":-0.019367726519703866,"z":-0.006459635682404041,"w":-0.955348014831543},"size":1.970947027206421,"orthographic":false}