{"cameraMode":{"drawMode":0,"name":"Shaded","section":"Shading Mode"},"sceneLighting":false,"audioPlay":false,"sceneViewState":{"m_AlwaysRefresh":false,"showFog":true,"showSkybox":false,"showFlares":true,"showImageEffects":true,"showParticleSystems":true,"showVisualEffectGraphs":true,"m_FxEnabled":true},"in2DMode":false,"pivot":{"x":6.720544815063477,"y":4.8714094161987309,"z":3.2986273765563967},"rotation":{"x":0.0355597659945488,"y":0.08295169472694397,"z":0.002982004312798381,"w":-0.9959436058998108},"size":3.5364441871643068,"orthographic":false}